{"es":{"0":[393.9996643066,394.7978210449,395.9471130371,396.9660644531,399.3362731934,399.6573486328,400.0107727051,400.3209228516,400.6206054688,400.8402099609,401.1816101074,401.5565490723,401.7698669434,402.0304260254,402.4166564941,402.7215881348,402.9720153809,403.9688415527,405.9380493164,407.926940918],"1":[393.9996643066,394.7978210449,395.9471130371,396.9660644531,399.3362731934,399.6573486328,400.0107727051,400.3209228516,400.6206054688,400.8402099609,401.1816101074,401.5565490723,401.7698669434,402.0304260254,402.4166564941,402.7215881348,402.9720153809,403.9688415527,405.9380493164,407.926940918],"2":[393.9996643066,394.7978210449,395.9471130371,396.9660644531,399.3362731934,399.6573486328,400.0107727051,400.3209228516,400.6206054688,400.8402099609,401.1816101074,401.5565490723,401.7698669434,402.0304260254,402.4166564941,402.7215881348,402.9720153809,403.9688415527,405.9380493164,407.926940918],"3":[393.9996643066,394.7978210449,395.9471130371,396.9660644531,399.3362731934,399.6573486328,400.0107727051,400.3209228516,400.6206054688,400.8402099609,401.1816101074,401.5565490723,401.7698669434,402.0304260254,402.4166564941,402.7215881348,402.9720153809,403.9688415527,405.9380493164,407.926940918],"4":[393.9996643066,394.7978210449,395.9471130371,396.9660644531,399.3362731934,399.6573486328,400.0107727051,400.3209228516,400.6206054688,400.8402099609,401.1816101074,401.5565490723,401.7698669434,402.0304260254,402.4166564941,402.7215881348,402.9720153809,403.9688415527,405.9380493164,407.926940918],"5":[393.9996643066,394.7978210449,395.9471130371,396.9660644531,399.3362731934,399.6573486328,400.0107727051,400.3209228516,400.6206054688,400.8402099609,401.1816101074,401.5565490723,401.7698669434,402.0304260254,402.4166564941,402.7215881348,402.9720153809,403.9688415527,405.9380493164,407.926940918],"6":[393.9996643066,394.7978210449,395.9471130371,396.9660644531,399.3362731934,399.6573486328,400.0107727051,400.3209228516,400.6206054688,400.8402099609,401.1816101074,401.5565490723,401.7698669434,402.0304260254,402.4166564941,402.7215881348,402.9720153809,403.9688415527,405.9380493164,407.926940918],"7":[393.9996643066,394.7978210449,395.9471130371,396.9660644531,399.3362731934,399.6573486328,400.0107727051,400.3209228516,400.6206054688,400.8402099609,401.1816101074,401.5565490723,401.7698669434,402.0304260254,402.4166564941,402.7215881348,402.9720153809,403.9688415527,405.9380493164,407.926940918],"8":[393.9996643066,394.7978210449,395.9471130371,396.9660644531,399.3362731934,399.6573486328,400.0107727051,400.3209228516,400.6206054688,400.8402099609,401.1816101074,401.5565490723,401.7698669434,402.0304260254,402.4166564941,402.7215881348,402.9720153809,403.9688415527,405.9380493164,407.926940918],"9":[393.9996643066,394.7978210449,395.9471130371,396.9660644531,399.3362731934,399.6573486328,400.0107727051,400.3209228516,400.6206054688,400.8402099609,401.1816101074,401.5565490723,401.7698669434,402.0304260254,402.4166564941,402.7215881348,402.9720153809,403.9688415527,405.9380493164,407.926940918],"10":[393.9996643066,394.7978210449,395.9471130371,396.9660644531,399.3362731934,399.6573486328,400.0107727051,400.3209228516,400.6206054688,400.8402099609,401.1816101074,401.5565490723,401.7698669434,402.0304260254,402.4166564941,402.7215881348,402.9720153809,403.9688415527,405.9380493164,407.926940918],"11":[393.9996643066,394.7978210449,395.9471130371,396.9660644531,399.3362731934,399.6573486328,400.0107727051,400.3209228516,400.6206054688,400.8402099609,401.1816101074,401.5565490723,401.7698669434,402.0304260254,402.4166564941,402.7215881348,402.9720153809,403.9688415527,405.9380493164,407.926940918],"12":[393.9996643066,394.7978210449,395.9471130371,396.9660644531,399.3362731934,399.6573486328,400.0107727051,400.3209228516,400.6206054688,400.8402099609,401.1816101074,401.5565490723,401.7698669434,402.0304260254,402.4166564941,402.7215881348,402.9720153809,403.9688415527,405.9380493164,407.926940918],"13":[393.9996643066,394.7978210449,395.9471130371,396.9660644531,399.3362731934,399.6573486328,400.0107727051,400.3209228516,400.6206054688,400.8402099609,401.1816101074,401.5565490723,401.7698669434,402.0304260254,402.4166564941,402.7215881348,402.9720153809,403.9688415527,405.9380493164,407.926940918],"14":[393.9996643066,394.7978210449,395.9471130371,396.9660644531,399.3362731934,399.6573486328,400.0107727051,400.3209228516,400.6206054688,400.8402099609,401.1816101074,401.5565490723,401.7698669434,402.0304260254,402.4166564941,402.7215881348,402.9720153809,403.9688415527,405.9380493164,407.926940918],"15":[393.9996643066,394.7978210449,395.9471130371,396.9660644531,399.3362731934,399.6573486328,400.0107727051,400.3209228516,400.6206054688,400.8402099609,401.1816101074,401.5565490723,401.7698669434,402.0304260254,402.4166564941,402.7215881348,402.9720153809,403.9688415527,405.9380493164,407.926940918],"16":[393.9996643066,394.7978210449,395.9471130371,396.9660644531,399.3362731934,399.6573486328,400.0107727051,400.3209228516,400.6206054688,400.8402099609,401.1816101074,401.5565490723,401.7698669434,402.0304260254,402.4166564941,402.7215881348,402.9720153809,403.9688415527,405.9380493164,407.926940918],"17":[393.9996643066,394.7978210449,395.9471130371,396.9660644531,399.3362731934,399.6573486328,400.0107727051,400.3209228516,400.6206054688,400.8402099609,401.1816101074,401.5565490723,401.7698669434,402.0304260254,402.4166564941,402.7215881348,402.9720153809,403.9688415527,405.9380493164,407.926940918],"18":[393.9996643066,394.7978210449,395.9471130371,396.9660644531,399.3362731934,399.6573486328,400.0107727051,400.3209228516,400.6206054688,400.8402099609,401.1816101074,401.5565490723,401.7698669434,402.0304260254,402.4166564941,402.7215881348,402.9720153809,403.9688415527,405.9380493164,407.926940918],"19":[393.9996643066,394.7978210449,395.9471130371,396.9660644531,399.3362731934,399.6573486328,400.0107727051,400.3209228516,400.6206054688,400.8402099609,401.1816101074,401.5565490723,401.7698669434,402.0304260254,402.4166564941,402.7215881348,402.9720153809,403.9688415527,405.9380493164,407.926940918],"20":[393.9996643066,394.7978210449,395.9471130371,396.9660644531,399.3362731934,399.6573486328,400.0107727051,400.3209228516,400.6206054688,400.8402099609,401.1816101074,401.5565490723,401.7698669434,402.0304260254,402.4166564941,402.7215881348,402.9720153809,403.9688415527,405.9380493164,407.926940918],"21":[393.9996643066,394.7978210449,395.9471130371,396.9660644531,399.3362731934,399.6573486328,400.0107727051,400.3209228516,400.6206054688,400.8402099609,401.1816101074,401.5565490723,401.7698669434,402.0304260254,402.4166564941,402.7215881348,402.9720153809,403.9688415527,405.9380493164,407.926940918],"22":[393.9996643066,394.7978210449,395.9471130371,396.9660644531,399.3362731934,399.6573486328,400.0107727051,400.3209228516,400.6206054688,400.8402099609,401.1816101074,401.5565490723,401.7698669434,402.0304260254,402.4166564941,402.7215881348,402.9720153809,403.9688415527,405.9380493164,407.926940918],"23":[393.9996643066,394.7978210449,395.9471130371,396.9660644531,399.3362731934,399.6573486328,400.0107727051,400.3209228516,400.6206054688,400.8402099609,401.1816101074,401.5565490723,401.7698669434,402.0304260254,402.4166564941,402.7215881348,402.9720153809,403.9688415527,405.9380493164,407.926940918],"24":[393.9996643066,394.7978210449,395.9471130371,396.9660644531,399.3362731934,399.6573486328,400.0107727051,400.3209228516,400.6206054688,400.8402099609,401.1816101074,401.5565490723,401.7698669434,402.0304260254,402.4166564941,402.7215881348,402.9720153809,403.9688415527,405.9380493164,407.926940918],"25":[393.9996643066,394.7978210449,395.9471130371,396.9660644531,399.3362731934,399.6573486328,400.0107727051,400.3209228516,400.6206054688,400.8402099609,401.1816101074,401.5565490723,401.7698669434,402.0304260254,402.4166564941,402.7215881348,402.9720153809,403.9688415527,405.9380493164,407.926940918],